<?xml version="1.0"?>
<!--
/**
 * Magento
 *
 * NOTICE OF LICENSE
 *
 * This source file is subject to the Academic Free License (AFL 3.0)
 * that is bundled with this package in the file LICENSE_AFL.txt.
 * It is also available through the world-wide-web at this URL:
 * http://opensource.org/licenses/afl-3.0.php
 * If you did not receive a copy of the license and are unable to
 * obtain it through the world-wide-web, please send an email
 * to license@magento.com so we can send you a copy immediately.
 *
 * DISCLAIMER
 *
 * Do not edit or add to this file if you wish to upgrade Magento to newer
 * versions in the future. If you wish to customize Magento for your
 * needs please refer to http://www.magento.com for more information.
 *
 * @category    Mage
 * @package     Mage_CurrencySymbol
 * @copyright   Copyright (c) 2006-2015 X.commerce, Inc. (http://www.magento.com)
 * @license     http://opensource.org/licenses/afl-3.0.php  Academic Free License (AFL 3.0)
 */
-->
<config>
    <menu>
        <system>
            <children>
                <currency translate="title" module="currencysymbol">
                    <title>Manage Currency</title>
                    <children>
                        <rates translate="title">
                            <title>Rates</title>
                            <action>adminhtml/system_currency</action>
                            <sort_order>50</sort_order>
                        </rates>
                        <symbols translate="title">
                            <title>Symbols</title>
                            <action>adminhtml/system_currencysymbol</action>
                            <sort_order>100</sort_order>
                        </symbols>
                    </children>
                    <sort_order>50</sort_order>
                </currency>
            </children>
        </system>
    </menu>
    <acl>
        <resources>
            <admin>
                <children>
                    <system>
                        <children>
                            <currency translate="title">
                                <title>Manage Currency</title>
                                <children>
                                    <rates translate="title">
                                        <title>Rates</title>
                                        <sort_order>50</sort_order>
                                    </rates>
                                    <symbols translate="title">
                                        <title>Symbols</title>
                                        <sort_order>100</sort_order>
                                    </symbols>
                                </children>
                            </currency>
                        </children>
                    </system>
                </children>
            </admin>
        </resources>
    </acl>
</config>
